owner,caption,timestamp,label
dyodoran,"Rasanya ketika pas nge-Adzanin kamu adalah hal yang sangat luar biasa bapak rasakan  Tumbuh besar menjadi soleh, berbakti kepada bapak mami & bermanfaat untuk masyarakat anakku sayang 

Terimakasih ya Allah SWT & Terimakasih buat temen2 semua yang kemarin udah mendoakan Alhamdulillah semuanya lancar

@benitaadzani kamu hebat ❤️

#bendyoFamily",2023-05-28T03:07:25.000Z,Positif
dyodoran,"KOMEN POSTINGAN INI LANGSUNG DAPET VOUCHER MAKAN GRATIS!

Uhuyy, ada yang baru lagi nihh di Jogjaa
Namanya Titik Kumpul alias Tikum, yang buka dari jam 06.30 - 22.00!
Bubur Ayam Spesial Tikumnya BEUH.. recommended!
Buat makan siang kalian bisa pilih Nasi Rempah Tikum atau lainnya yaa

‌Nah spesial di tanggal tua, Tikum mau bagiin VOUCHER MAKAN GRATIS buat Grand Opening Tikum tanggal 28 Oktober!

Kalian tinggal komen #LangsungKeTikum di reels ini dan follow @tikum.indonesia , pemenangnya akan langsung di dm oleh Tikum!

Ingat, cek DM kalian terus Break Dulu, Kita Ketemu di Grand Opening Tikum ya lurr
Sugeng dhahar!
‌
#LangsungKeTikum #Tikum #TiktikKumpul #KulinerJogja #JogjaFoodHunter",2023-10-26T04:32:04.000Z,Positif
dyodoran,Begitu ya kata-kata hari ini,2023-10-29T05:37:01.000Z,Positif
dyodoran,"Ini tuh satu satunya warung bakmi jowo yang jual ""Ngarso Dalem"" dan punya 29 MENU!!
Penasaran tooo sama wujud dan asal usul menu ""Ngarso Dalem""?
Ndang tonton di Youtube Channel Dyodoran lurrr

#kulinerjogja #kulinerlegendaris #jogjafoodhunter #kulinerindonesia #dyodoranjogja",2023-10-27T09:29:40.000Z,Positif
dyodoran,"Ini namanya adalah rute ngidam 

#BenDyo #pregnancy #meteng",2023-01-29T01:43:39.000Z,Positif
dyodoran,"Udah ngantri 13 porsi, jebul kehabisan lurrr
Btw ini bukanya jam 11an tapii jam 2 sudah ludes!!
Warga Jogja ada yang pernah coba?

#kulinerjogja #streetfood #esbuah #jogjafoodhunter #dyodoranjogja",2023-10-28T09:28:07.000Z,Positif
dyodoran,"LUAR NEGERI❌❌❌
GUNUNG KIDUL✅✅✅

Spot nyunset baru di ujung Gunung Kidul lurr!

Tersedia bermacam area, mulai dari pool side bar, playground anak, ampli theater, dan center of santorini!

Fasilitasnya lengkap, tempatnya nyaman dan instagramable, serta yang terpenting kids friendly! Harga makanannya mulai dari 20 ribuan, HTM sudah termasuk spot foto gratis, cocok pol buat healing bareng keluarga!

Namanya Jungwok Blue Ocean, info tiket masuk dan lainnya ndang follow @jungwokblueocean 

#JungwokBlueOcean #JungwokBeach #SantoriniBanget #GunungKidul #WonderfullJogja",2023-10-24T06:10:27.000Z,Positif
dyodoran,"Kegiatan dirumah kalau habis nginep di luar kota, nyanyi bareng mas Kenzie sang penakluk dunia. Ada yang mau request lagu apa? Hihihii

#bendyofamily",2023-10-23T02:57:43.000Z,Positif
dyodoran,"Ini spot family resto dengan porsi menu yang super bikin kenyang lurr
Tempatnya juga homey pol dan parkirannya luas! Cocok bianget ikii buat kumpul keluarga!!
Warga CCTV Semlidut ada yang sudah ke sini?

#familytime #familyrestaurant #kulinerbintaro #dyodoran",2023-10-22T09:34:39.000Z,Positif
dyodoran,"Kayaknya ini gudeg termurah yang pernah aku temuin di Jogja deh
Seporsi tuh cuma 5000 dan sudah dapet telur!
Definisi penyelamat akhir bulan wgwgwg

#kulinerjogja #kulinermurah #jogjafoodhunter #gudeg #dyodoranjogja",2023-10-29T09:26:28.000Z,Positif
dyodoran,"Sekian tahun tinggal di Jogja, akhirnya aku menemukan pelopor warung brongkos lurrr
Jebul yo cedak karo omah wgwgwg
Warga Jogja ada yang pernah ke sini gakk?

#kulinerjogja #kulinerlegendaris #jogjafoodhunter #jogjaistimewa #brongkos",2023-10-17T09:30:00.000Z,Positif
dyodoran,"Murah enak mengenyangkanan 
Ini tempatnya di Selatan Dagadu Gedong Kuning nanti ada di sebelah kiri jalan, atau mapsnya : Pecel Lele Lebay Kotagede

#kulinerjogja #pecelleleJogja #jogjamain #jogja #pecellele #pecellelekotagede",2023-10-21T04:44:07.000Z,Positif
dyodoran,"Lokasinya ada di perempatan lampu merah, terdengar kurang strategis ya lur?
Tapi jangan salah.. semua menu di sini ludes dalam waktu 3 jam aja!!
Warga Jogja udah pada nyoba?

#kulinerpedas #kulinerjogja #kulinerjogjamurah #jogjafoodhunter #dyodoranjogja",2023-10-20T09:31:26.000Z,Positif
dyodoran,"Salah satu kedai ramen yang jadi juara di lidahku dann kayanya Mas @hobbymakan.id juga!! 
Kalian udah pada coba belum nih??

#ramen #ramenhalal #kulinerjogja #jogjafoodhunter #dyodoranjogja",2023-10-25T09:26:13.000Z,Positif
dyodoran,"Sampe kangen nih beberapa bulan gak ngumpul karena kemarin baru persiapan lahiran Mas Kenzie. 
Sehat sehat yaaa semuanyaaa ❤

#dyodoran",2023-10-15T09:27:04.000Z,Positif
dyodoran,"PERTAMA KALI REQUEST MENU MALAH KAGET SENDIRI! 

Gimana ga kaget, lha porsinya jadi portugal gitu lurr, definisi kenyang maksimal dengan budget hemat!
Ini by request lho ya, kalo kalian sanggup habisin ya monggo pesen juga wgwgwg
@buburhayam Kotabaru juga menerima pesanan PO Partai Besar yang cocok untuk acara Arisan, Kumpul Keluarga/Kantor, Reuni, dan lainnya!
Pemesanan bisa melalui DM Instagram atau WhatsApp di 0896-7477-6888
Buka setiap hari dari jam 6 pagi sampai 10 malam, kuliner wajib buat perut keroncongan di Jogja!

#kulinerjogja #kulinerjogjamurah #jogjafood #jogjafoodhunter #buburhayam",2023-10-19T09:26:41.000Z,Positif
dyodoran,"Kata pepatah mahal & murah tergantung dompetnya. Iya juga sih

#vespaindonesia #vespa #vespadarling #vespadarling90",2023-10-19T04:43:49.000Z,Positif
dyodoran,"SAT SET BELI OLEH OLEH HARGA MIRING DI BANDARA YIA!

Aku yakin pasti bukan cuma aku doang yang suka berangkat mepet sampe lupa beli oleh-oleh, ya to?

Nah kenalin, ada satu area di Bandara YIA yang jual produk-produk UMKM khas Jogja dengan harga terjangkau, namanya Galeri PKG alias Galeri Pasar Kotagede.

Produknya lengkap, mulai dari fashion, craft, pernak pernik, bahkan ada area belajar membatiknya serta area food court.

Yang bikin makin happy nih: ada GRATIS ONGKIR untuk pembelian diatas 50.000 dan BISA DIKIRIM ke SELURUH INDONESIA dan LUAR NEGERI!

Info promo dan pengiriman selengkapnya bisa langsung cek @pasarkotagedeyia dan @diskopukm.diy yaa 

Selamat berbelanja!

#oleholeh #oleholehjogja #diskopukm #jogjaistimewa",2023-10-16T09:27:13.000Z,Positif
dyodoran,"TANGGAL TUA JANGAN SEDIH, ADA PROMO TIAP HARI SELAMA BULAN OKTOBER!

Buat kalian pecinta all you can eat harap tenang, Mas Dyo bawa kabar yang bikin senang!
Ada promo diskon 5% yang bisa kalian pake sampai 31 Oktober 2023, maksimal 10 bills di @kakkoii_jogja 
Oiya info nihh, meskipun ambil paket reguler, kalian bisa request daging premiumnya lho!
Bebas pilih Saikoro, Rib Eye, Meltique, dan lainnya dengan harga 40 ribuan per 100 gram.
Durasinya juga bisa pilih yang 90 menit atau 120 menit

Saranku sih pilih 120 menit aja lur, biar puas menikmati 140++ menu dengan diskon!
Inget, reservasi dulu via Whatsapp atau DM Instagram di @kakkoii_jogja yaa

#ayce #kakkoii #kulinerjogja #diskonjogja #jogjafoodhunter",2023-10-18T09:30:07.000Z,Positif
dyodoran,"Rapat pemenangan @adhityaputratama   @kemislegii 

#kulinergunungkidul #kulinerwonosari #jogja #gunungkidul",2023-10-15T05:34:14.000Z,Positif
dyodoran,"Sejauh ini, kayaknya ini bengkel mobil paling pw deh yang pernah tak temuin wwgwg
Warga Jogja dan sekitarnya ada yang udah ke sini?

#bengkelmobil #bengkelmotor #kulinerkulonprogo #kulinerjogja #dyodoran",2023-10-13T09:29:42.000Z,Positif
dyodoran,"PENINGGALAN KULINER LEGENDARIS ERA PENJAJAHAN!!

Dari artikel yang aku baca, kuliner ini jadi media penyamaran oleh para penjual untuk mengabarkan situasi terbaru kepada warga di daerah Tuyuhan saat terjadinya Perang Lasem tahun 1734.

Setelah perang selesai, Lontong Tuyuhan jadi kuliner turun temurun yang dilestarikan!

Overall rasanya mirip opor, sedikit lebih pedas dengan porsi yang WUAH... buanyak lurrr

Warga CCTV Semlidut Rembang ada yang pernah coba?

#throwback #throwbackthursday #kulinerlegendaris #kulinerindonesia #dyodoran",2023-10-12T09:29:32.000Z,Positif
dyodoran,"Spot sarapan gudeg yang ludes dalam 3 jam!!
Lokasinya emang di pinggir jalan, tapi masakannya BEUH... 
Warga CCTV Semlidut Jogja udah pada nyoba belum nihh??

#gudeg #gudegjogja #sarapanjogja #kulinerjogja #jogjaistimewa",2023-10-14T09:29:43.000Z,Positif
dyodoran,"Taman ini sudah berumur 100 tahun dan dibangun ulang di tahun 2023 lalu dibuka untuk publik!
Satu yang wajib kalian catet: JANGAN PAKE CELANA PENDEK karena ini mash terhitung area Istana Mangkunegaran Solo hehee
Mari menghargai tradisi & budaya negeri sendiri

#kulinersolo #pracimatuin #dyodoran",2023-10-07T05:28:34.000Z,Positif
dyodoran,"Spot perkambingan di Utara Jogja yang dagingnya BEUH... guedi guediii
Saranku kalo mau dateng agak sore, kalian chat/ booking dulu ke warung biar ndak mrongos kehabisan kayak aku

#satekambing #kulinerjogja #kulinerlegendaris #jogjafood #jogjafoodhunter #dyodoranjogja",2023-10-11T09:30:14.000Z,Positif
dyodoran,"Warung sop buntut dengan pemandangan 3 gunung sekaligus di Magelang!!
Nyaman pol lurrr

#sopbuntut #kulinermagelang #magelang #magelangexplore #dyodoran",2023-10-10T09:31:20.000Z,Positif
dyodoran,"Yang lagi rame di jagad kuliner Jogja: nasi goreng
5000 dan mie goreng 5000 dengan porsi ugal ugalan lurrr
Warga Jogja ada yang udah coba?

Kalo belum bisa tonton dulu ulasan selengkapnya di youtube channel dodoran yaa

#kulinermurah #kulinerjogja #jogjafood #jogjafoodhunter #dyodoranjogja",2023-10-06T09:28:04.000Z,Positif
dyodoran,"Visualisasi ajaa duluuuuuu ❤️ ehehe 

#vwclassic #vw",2023-10-10T02:40:16.000Z,Positif
dyodoran,"Pagi hari Jumat Kliwon di Sebuah Pasar Hewan Gunung Kidul bersama para blantik 

#pasarhewan #gunungkidul",2023-10-06T02:37:37.000Z,Positif
dyodoran,"Salah satu kuliner malam Jalan Magelang yang ruaame pol dan buka sampai jam 4 pagi!!
Total ada 25 menu dengan menu andalan: gudeg mercon yang pedesnya
Yang udah pada coba ndang absen lurrr

#kulinermalam #kulinerjogja #gudeg #jogjafoodhunter #dyodoranjogja",2023-10-03T09:28:23.000Z,Positif
dyodoran,"MENEMUKAN GRAND MASTER CHEF DI REMBANG!!

Kilas balik kulineran di Rembang, banyak yang menyarankan aku buat nyobain warung makan chinese seafood legendaris!
Inget pas main ke dapur liat proses masaknya yang WAAH... ini sih sekelas Master Chef!
Warga Rembang ada yang tau tempat makan ini?

#throwback #throwbackthursday #seafood #seafoodrestaurant #dyodoran",2023-10-05T09:27:50.000Z,Positif
dyodoran,"Warmindo yang katanya pinya olahan mie instan terbaik, ratingnya sampe 4,9 di gmaps!
Buka dari jam 16.00 - 04.00, Warga CCTV Semlidut Jogja ada yang udah coba?

#warmindo #kulinerindonesia #kulinermalam #kulinerjogja #jogjafoodhunter",2023-10-04T09:25:37.000Z,Positif
dyodoran,"Nyore ke Kulon Progo
Mampir ke bengkel VW @samgarageid yang dimana gak hanya nyervice tapi juga jual beli, sambil belajar tentang VW sama mas @and.vw 

#vw #vwbeetle #beetle #classicvw #superbeetle1302 #vwjogja #kulonprogo",2023-10-05T01:54:26.000Z,Positif
hobbymakan.id,"Ide nya dari melamun aja, apa boleh semurah ini !

Pelopor mangkok bakso di jogja itu ternyata inspirasinya begini, mas @dyodoran kaget meronta2  !",2023-10-08T04:27:10.000Z,Positif
dyodoran,"CUMA DI TEMPAT INI BISA MAKAN SEPUASNYA DAN MASIH DIKASIH DISKON 10%!!

Dalam rangka #haribatiknasional , @kakkoii_jogja kasih kalian DISKON 10% di tanggal 2 Oktober 2023.

Catet S&Knya:

1. Minimal kedatangan 2 orang.
2. WAJIB RESERVASI melalui DM Instagram @kakkoii_jogja atau Whatsapp di +6282268355758.
3. Follow Instagram @kakkoii_jogja dan mengisi Google Review.
4. PROMO hanya BERLAKU di outlet KAKKOII JOGJA JALAN MAGELANG.

Save, share dan buruan ajak temen kalian buat makan 140 menu sepuasnya lurrr

#haribatiknasional #promoharibatiknasional #kakkoiijogja #kulinerjogja #jogjafoohunter",2023-09-30T09:30:00.000Z,Positif
dyodoran,"HUJAN PROMO KULINER NUSANTARA SEPANJANG BULAN OKTOBER!!

* 1 - 15 Oktober 2023: Voucher cashback 25k dengan minimal pembelian 80k, berlaku kelipatan, tidak dapat digabungkan promo lain.
* 16 - 25 Oktober 2023: Promo ALL MENU Ayam Krispi + Es Teh hanya Rp. 18.182 + tax.
*  25 - 31 Oktober 2023: Promo FREE Singkong Legit/ Singkong Garlic untuk setiap pembelian Iga Bakar.

Dengan promo sebanyak ini, selalu ada alasan buat makan enak, banyak, dan murah! Catet tanggal promonya, save dan share video ini ke teman kalian buat jadi referensi kuliner enak khas nusantara di Grand Indonesia ala @kedailocale . Follow instagramnya buat info lebih lanjut ya! 

#kulinernusantara #kulinerindonesia #kulinerjakarta #KedaiLocale #LidahLocale",2023-09-29T09:30:00.000Z,Positif
dyodoran,"Mengisi weekend w/ mas Kenzie sang penakluk dunia

Ternyata bener apa yang di bilang temen2 “nanti cepet udah tengkurap lo mas Dyo” La kok beneeerrr sekarang lagi miring dan belajar tengkurep

#bendyofamily",2023-10-02T03:59:16.000Z,Netral
dyodoran,"Grebek kuliner pagi di Pasar Beringharjo!
Sebelumnya aku pernah mbahas Soto Bu Pudjo dan Soto Pak Muh too
Nah kali ini ada warung sate kere yang seharinya bisa habis sampai 45kg koyor! Wangun tenannn

Ndang share dan save video ini buat jadi referensi kuliner kalian lurr~

#kulinerjogja #kulinerjogjamurah #jogjafoodhunter #dyodoran",2023-10-23T09:34:10.000Z,Positif
dyodoran,"""Sajian mewah harga murah meriah""

Menurutku jadi istilah tepat buat warung mangut lele yang satu ini.
Dengan 20 ribu, kalian sudah dapat mangut lele, bakmie, pecel, dan nasi sebakul!
Meskipun lokasinya tersembunyi di tengah pemukiman warga, tempatnya tetap asri, bersih, dan syahdu tenan lurr
Ada yang pernah coba?

#mangutlele #hiddengemjogja #kulinerjogja #jogjafoodhunter #dyodoranjogja",2023-09-23T09:30:00.000Z,Positif
dyodoran,"RENEW LAUNCHING PRODUCT SUSHI!

Menu baru dan tampilan baru...
BEST DEAL, 1 SET DAPET 4 SUSHI DAN 1 BAKED RICE!

Dimana lagii kalian bisa dapetin set menu ini selain di @shigerudeli ?!

Dan sekarang di Shigeru ada papan petunjuk dan label sesuai kategori sushinya, jadi kalian bisa pilih lebih cepat sesuai selera.

Apalagi buat yang belum pernah makan sushi, ada bagian khusus sushi matang yang wajib kalian coba!

Karna packagingnya cantik, bisa sih healing sambil bawa sushinya. Kalo kalian kira-kira bakal bawa sushi ini kemana lur?

#sushi #sushijogja #kulinerjogja #jogjafood #jogjafoodhunter",2023-10-01T09:27:32.000Z,Positif
dyodoran,"Terpantau sampe terakhir aku dan @hobbymakan.id , pangsit gorengnya masih jadi rebutan karena digoreng dadakan!
Siapa yang sering kehabisan?!

#kulinerjogja #kulinerjogjamurah #jogjafood #jogjafoodhunter #jogjafoodies",2023-09-24T09:28:28.000Z,Netral
dyodoran,"Dan terlihat gemashhh 

#bendyofamily #tasbayi #tas",2023-09-23T03:10:25.000Z,Netral
dyodoran,"SATE BUMBU SANTEN?!

Jangankan kalian, aku pun kaget ketika dapat rekomendasi kuliner legendaris yang satu ini.
Bumbu sate serepeh ini dibuat dari campuran santen, cabe merah, dan bahan lainnya hingga menghasilkan kuah yang kental, lalu dilumuri ke daging ayam kampung yang sudah ditusuk dan dibakar.
Rasanya BEUH... semliduttt 
Selain sate serepeh, nasi tahu yang cuma 7000 juga wajib kalian coba lur!!

Info tempat dan ulasan selengkapnya bisa cek di Youtube Channel Dyodoran Playlist: Rembang.

#sate #sateayam #kulinerlegendaris #kulinerindonesia #dyodoran",2023-09-28T09:33:40.000Z,Positif
dyodoran,"Penasaran gak sih kalo lewat Stadion Mandala Krida di malam hari???
Ruamenya ampuuunnnn.... 
Siapa yang suka njajan ke siniii? 

#streetfood #siomay #kulinerjogja",2023-10-08T04:27:15.000Z,Netral
dyodoran,"Menanggapi yang lagi rame tentang review jujur 

Videone di tonton sampe habis dulu ya biar infonya gak setengah2",2023-09-27T04:28:33.000Z,Netral
dyodoran,"LEGENDA PERSATEAN PLERET, JUALAN DARI TAHUN 1950!

Dari info yang aku dapat, memang kalo kalian mau fokus ke kuliner persatean kambing dan sapi itu mainnya harus ke Jogja Selatan, terutama area Pleret & Imogiri.

Ada banyak warung sate berjejer yang legendaris, salah satunya warung ini!

Jualan cuma 5 jam dan sehari bisa ludes 10 kilo daging kambing yang rasanya BEUH.. semlidutt

‌
Selesai kulineran, langsung deh kalian ke Pakuwon Mall Jogja karena akan ada Pameran Cat Terbesar dan Termurah se-DIY dan Jateng tanggal 27 September - 1 Oktober 2023 dari @tokocatlancar_id . Kalian juga bisa dapet DISKON up to 70%, Temu Artis dan Nonton Konser GRATIS TIS TIS!! Semuanya cuma ada di Event Lancar Paint Expo 2023, Urusan Cat, Pasti Lancar!

#Lancarpaintexpo2023 #UrusanCatPastiLancar #pamerancatterbesardiDIYJateng #kulinerjogja #jogjafoodhunter",2023-09-25T09:27:18.000Z,Positif
dyodoran,"SPOT MAKAN SIANG BARENG WARGA SEKAMPUNG!

Warung ini lokasinya emang di daerah perumahan dan menurutku cocok buat tempat rapat acara RT, apalagi harga menunya mulai dari 18 ribuan!

Spesialis di menu bebakaran dan kalian harus cobain Bebek Bakar Mercon yang pedesnya nendang dengan sentuhan rasa manis kecap yang khas!

Menu Ikan Gurame dan Nilanya juga rekomendid karena ikannya fresh langsung diangkat dari kolam

Bisa delivery order atau pesen secara online juga yaa

Ndang follow IG @pojokbebakaran untuk info promo tiap harinya!

#kulinerjogja #kulinerjogjamurah #jogjafood #jogjafoodhunter #dyodoranjogja",2023-09-26T09:28:57.000Z,Positif
dyodoran,"Salah satu soto top list yang wajib kalian coba kalo lagi di Jogja!
Kalo aku dan Mas Evan @hobbymakan.id pilih makan di trotoar sambil menikmati suasana pagi Jogja
Kalo kalian pilih makan dimana lur?

#soto #sotoayam #kulinerjogja #kulinerlegendaris #jogjafoodhunter",2023-09-22T09:30:00.000Z,Positif
dyodoran,"MENU HEMAT MODE AKHIR BULAN!!

Cuma di @buburhayam , dengan 10 RIBU kalian bisa dapet Bubur Hayam & Teh!

Kalo mau manis ya langsung pesen Bubur Ketan Hitam Spesialnya yang gak pernah salah buat dinikmati di tengah teriknya cuaca Jogja.

2 Secret Menus nya jangan sampe lewat!

Bayangin Es Milo dan Jus Mangga yang manis dan seger dikasih extra ice cream, diaduk merata terus cegluk cegluk… meluncur ke kerongkongan yang kering kerontang

Ngiler to?? Makanya buruan ajak temen dan keluarga kalian ke @buburhayam atau hubungi via DM Instagram untuk pemesanan partai besar!

#buburhayam #kulinerjogja #kulinerjogjamurah #jogjafoodies #jogjafoodhunter",2023-09-21T09:26:25.000Z,Positif
dyodoran,"MELAYANI LAMBUNGMU SEPENUH HATI, MULAI HARGA 10-17 RIBU AJA! JAYA JAYA JAYA!

Pelopor Nasi Genjes No. 1 di Indonesia akhirnya buka di Jogja lurr

Ini tuh beberapa kali masuk FYPku dan akhirnya aku paham kenapa ini viral pol!

Pertama, harganya jelass terjangkau dan kita juga bisa beli lauknya tok mulai dari 4 ribu
Kedua, porsinyaaa ampun.. Bener-bener membahagiakan lambung!
Ketiga, ini tuh bukanya dari jam 17.00 - 01.00, menambah pilihan kuliner malam kalian!

Dari 3 menu yang aku cobain, aku paling suka Nasi Genjes Cakalang Sambel Matah dan Es Setrup buat bantu ngilangin pedesnya!

Aku makan di @wrg.mekarjaya dan ada 1000 PORSI GRATIS sampe tanggal 20 September 2023. Ndang diserbu lurrr

#kulinerjogja #kulinerjogjamurah #jogjafood #jogjafoodhunter #jogjafoodies",2023-09-18T09:28:16.000Z,Positif
dyodoran,"Dawet legend termurah yang pernah aku temuin bareng Mas @hobbymakan.id !
Pas banget diminum di tengah cuaca jogja yang lagi puanas puanasnyaaaa
Lokasinya ada di deket kampus PGRI, kalian ada yang pernah coba?

#kulinermurah #jajanmurah #esdawet #kulinerjogja #kulinerjogjamurah",2023-09-16T09:27:59.000Z,Positif
dyodoran,"Jus buah suegerrr yang porsinya ugal ugalan!!
Menurutku ini best deal apalagi buat kalian yang lagi diet, bisa sekalian nyetok iki lurr
Kalian ada yang langganan di sini juga gak?

#jus #jusbuah #jusbuahsegar #kulinerjogja #kulinerjogjamurah",2023-09-20T09:26:10.000Z,Positif
dyodoran,"Jogja identik dengan kulinernya yang muuuwwwraahhh!
Salah satunya mie ayam balungan ini yang bisa kalian coba dengan modal 8 ribu aja!
Mas Evan @hobbymakan.id kemaren coba porsi normal, nek aku ya pasti porsi jumbo to yoooo wgwgwg
Kalo kalian kira-kira bakal pesen porsi apa ki lur?

#mieayam #mieayambakso #mieayamjogja #mieayambalungan #kulinerjogja",2023-09-12T12:21:39.000Z,Positif
dyodoran,"Rawon identik sebagai salah satu kuliner khas Jawa Timur.
Tapii pas trip Youtube ke Rembang, Warga CCTV Semlidut Rembang menyarankan aku buat coba rawon di sini dan rasanya BEUH... sensasi manis khas kuliner Jawa Tengah langsung terasa di lidah!
Terakhir aku ke sini sih harga seporsi Nasi Rawon cuma 9.000, jadi wajib buat kalian coba karena terjangkau pol lurrr

#throwback #throwbackthursday #rawon #kulinerlegendaris #kulinerindonesia",2023-09-14T09:42:31.000Z,Positif
dyodoran,"Pecinta angkringan murah merapat, aku nemu gorengan yang harganya mash 500 perak!!
Ada juga sego kucing, bihun, dan nasi rames dengan harga maksimal 5000! MAKSIMAL lho yoooo
Tertarik? Makanyaa tonton dulu ulasan selengkapnya di Channel Youtube Dyodoran

#angkringan #angkringanjogja #kulinerjogja #kulinerjogjamurah #jogjafoodhunter",2023-09-17T09:28:24.000Z,Positif
dyodoran,"Sebenernyaa ini kuliner sederhana yang pasti ada juga di kota kalian
Tapiii proses masaknya yang unik bikin tahu in jadi salah satu jajanan rekomendasiku dan mas Evan @hobbymakan.id ! 
Ada yang pernah coba?

#gorengan #tahu #tahugoreng #kulinermurah #kulinerjogja",2023-09-19T09:40:52.000Z,Positif
dyodoran,"NONGKRONG, METIK SAYUR, KASIH MAKAN RUSA DAN IKAN DALAM 1 TEMPAT!!

Info infooo, aku punya tempat healing all in one BARU!

Luas lahannya 5 hektar dengan beragam fasilitas yang seru! Mulai dari metik sayur organik, serta kasih makan ikan dan rusa! Kalian bisa bikin acara outing atau gathering juga lhoo

Tersedia paket Udang Telor Asin, Capcay + Es Teh seharga 35 ribu, atau beli ala carte mulai dari 12 ribuan, kopi mulai dari 15 ribuan!

Ngerjain tugas anti mumet dengan free WiFi dan pemandangan Merapi yang ciamik, jangan lupa beli sayur organik yang cuma 6 ribu per ikat. Best deal iki lurr

Buka dari jam 06.00 - 18.00, ndang ajak temen temen kalian ke @nara_kupu_jogja !

#narakupujogja #narakupuvillage #sayurorganik #kulinerjogja #jogjafoodhunter",2023-09-15T09:28:50.000Z,Positif
dyodoran,"Spot nyoto yang unik dengan sate satean terlengkap yang pernah aku temuin!
Warga CCTV Semlidut Jogja ada yang pernah ke sini?

#soto #sotoayam #kulinerjogja #jogjafoodhunter #dyodoranjogja",2023-09-13T09:28:23.000Z,Positif
dyodoran,"Sejauh ini, warung ini jadi warung spesialis mangut lele duri lunak tertua yang pernah aku datengin!
Berjualan sejak tahun 1930an, seharinya mereka bisa jual 500 ekor mangut lele dengan bumbu yang BEUH... semliduttt

#mangutlele #kulinerlegendaris #kulinerjogja #jogjafoodhunter #dyodoranjogja",2023-09-11T09:25:10.000Z,Positif
dyodoran,"AKHIRNYA BUKA CABANG!!

Ada banyak warung nasi goreng sapi/ nasi goreng kambing di Jogja, dan ini dia pelopornya!
Nasi goreng di sini punya ciri khas rempah yang luget, nasi yang meprel dann potongan daging yang melimpah! Jadi tiap sendokan tuh rasanya semlidut lezatos kotos kotos mbledosss

Detail lokasi ada di akhir video, ndang ajak temenmu ke sini lurrr

#nasigoreng #nasigorengkambing #kulinerjogja #jogjafood #jogjafoodhunter",2023-10-02T09:28:14.000Z,Positif
dyodoran,"TAKUT BANGET KALO MAKAN DI SINI...

Pas makan Nasi Gandul di Pati, jujur aku takut pas makan..
Maksudnya takut cepet habis, karena seporsi nasi gandul dengan daging yang berlimpah ini harganya cuma 16 ribu rupiah!
Inget makannya tuh pelan-pelan karena kuahnya yang luget sungguh nikmat, semliduttt
Warga CCTV Semlidut Pati ada yang pernah makan di sini?

#throwback #throwbackthursday #kulinerpati #kulinerlegendaris #dyodoran",2023-09-07T09:34:07.000Z,Positif
dyodoran,"Jogja selalu punya kejutan di setiap jenis kulinernya—termasuk yang satu ini!
Inovasi menu mie nyemek kuah padang menghasilkan mie nyemek berbumbu luget yang sulittt untuk kalian tolak!
Bener gak Mas Evan @hobbymakan.id ??
Warga CCTV Semlidut Jogja sudah ada yang coba? 

#mie #mienyemek #kulinerjogja #jogjafood #jogjafoodhunter #dyodoranjogja",2023-09-04T09:30:00.000Z,Positif
dyodoran,"PERTAMA KALI NEMU NASI BEBEK YANG BUKA PAGI!!

Overall bebeknya gurih dan empuk pol, patut diapresiasi!

Habis sat set sarapan, lanjut berkegiatan ngedit, VO dan kejar deadline lainnya.

Proses kerja juga tetap sat set karena aku pake jaringan internet dari Indihome yang sudah bergabung sama Telkomsel, jadi koneksinya lebih kuat!

Buat pengguna baru, saranku pilih Paket JITU 1 - 1P karena dengan harga 200 ribuan, kalian sudah dapat kecepatan hingga 40 Mbps termasuk langganan Disney+ Hotstar!

Follow @indihome dan @telkomsel untuk info berlangganan selengkapnya!

‌

#BergerakMelajuBersama #DariRumahTanpaBatas #nasibebek #kulinerjogja #jogjafoodhunter",2023-09-08T09:30:00.000Z,Positif
dyodoran,"pecinta bakso wajib merapat, aku punya - spot bakso halus yang semlidut!!
ini tipe bakso halus yang membel, tapiti pas digigit BEUH... mak kres, memanjakan lidah!

#bakso #baksosapi #baksohalus #kulinerlegendaris #kulinerjogja",2023-09-09T09:30:00.000Z,Positif
dyodoran,"SATU SATUNYA PIZZERIA YANG PUNYA PABRIK KEJU SENDIRI DI JOGJA!

Kalo kalian ada acara spesial dan mau makan pizza otentik, tempat ini jawabannya!

Menu baru Pizza Stellata ini dibuat dari bahan premium, keju mozzarella dan ricottanya diproduksi sendiri dan kalian bisa lihat proses pake tungku yang dibikin langsung sama orang Italia!

Setiap sudut tempat ini instagramable pol dan kalian sudah dapat FREE fotografer tanpa minimal pembelian, jadi jangan lupa foto-foto yaa wgwgwg

Dari menu yang aku makan, saranku sih kalian coba.. semuanya aja karena sudah terverifikasi semlidut lezatos kotos kotosss

Follow IG @giornopizzeria.id buat info selengkapnya!

#giornopizzeria #italianpizza #kulinerjogja #jogjafoodies #jogjafoodhunter 

‌

reels",2023-09-02T09:30:00.000Z,Positif
dyodoran,"MUNGKIN INI SAT SATUNYA DI JOGJA...

Kalo kalian follow aku dari lama, kalian pasti tau aku udah mbahas belasan-puluhan gudeg di jogja dan sejauh ini, aku pertama kalinya nemu kluwo di sini! 
Menurutku, semua menunya semlidut dan ini bukan tipe gudeg manis, jadi rekomendit buat kalian yang dari luar kota!

#gudeg #gudegjogja #gudegceker #kulinerlegendaris #dyodoranjogja",2023-09-05T09:30:00.000Z,Positif
dyodoran,"Kalo kalian lagi main ke daerah Jogja Kota di tengah siang bolong dan mau yang seger-seger kayak aku dan mas @hobbymakan.id , ini dia jawabannya!
Selain legend, cuma di sini kalian bisa temuin es buah dengan sawo tiap hari! Semliduttt 

Save & share postingan ini biar kuliner kalian gak itu itu aja lur wgwgwg

#esbuah #kulinerlegendaris #kulinerjogja #dyodoranjogja",2023-09-03T09:30:00.000Z,Positif
dyodoran,"Sejauh ini, ini nasi bebek termurah yang pernah aku temuin
Selain murah, warung nasi bebek ini BUKA 24 JAM!
Rasanya pun patut diapresiasi!!
Warga Jogja Selatan ada yang pernah coba?

#nasibebek #nasibebeksurabaya #kulinerjogja #jogjafoodhunter #dyodoranjogja",2023-08-29T12:00:00.000Z,Positif
dyodoran,"Kalo kalian mau nyobain sensasi sate klathak yang beda, kalian wajib cobain sate klathak di sini!!
Kuah tongsengnya yang luget dan gurih BEUH.. semlidut lezatos kotos kotosss

#sateklatak #kepalakambing #mukbang #kulinerjogja #dyodoranjogja",2023-09-01T09:29:36.000Z,Positif
dyodoran,"PROMO BUY 1 GET 1 DI RESTORAN AQUASCAPE CIAMIK BARU SETIAP HARI!

Menurutku tempat ini bener-bener memanjakan mata lelah dengan konsep aquascapenya yang ciamik + nyegerin!

Nah promo Buy 1 Get 1nya berlaku untuk V60 Aceh Gayo, V60 Mandailing, Rosberry Wish, Melcherry Blossom! Kapan lagi modal 30 ribu bisa dapet 2 minum?!

Menu-menu yang disajikan beragam, mulai dari menu nusantara sampai western! Kalo kalian dateng pagi, saranku pesen Bubur Ayam Natura dan pilih healthy jusnya, semlidutt

Tersedia ruangan outdoor dan indoor yang sejuk, serta area parkir yang luas. Buka dari jam 7.00 - 23.00, cocok buat kalian para tim #workfromcafe atau makan-makan bareng keluarga.

Follow IG @naturadiningbynature untuk info promo selengkapnya!

#naturadiningbynature #finedining #kulinerjogja #jogjafood #jogjafoodhunter",2023-09-06T09:30:00.000Z,Positif
dyodoran,"BUMBUNYA ASAL-ASALAN, YANG PENTING ENAK!!

Kilas balik kali ini aku mau ajak kalian ke Wonogiri untuk mengingat betapa nikmatnya pindang kambing Mbok Sinem
Kuliner ini sudah berdiri sejak tahun 1988, dan pas aku tanya bumbu yang dipake ternyata.. Simbahnya pake bumbu asal-asalan aja, yang penting enak!
Selain enak, pindang ini juga murah meriah lurrr, seporsinya cuma 5000 rupiah!
Warga CCTV Wonogiri ada yang pernah coba?

#pindangkambing #kulinerlegendaris #kulinerwonogiri #kulinerindonesia #dyodoran",2023-08-31T09:30:00.000Z,Positif
dyodoran,"SALUT! WARUNG INI HANYA FOKUS PADA 1 JENIS MASAKAN SEJAK TAHUN 70an

Kalo kalian ke warung Bakmi Jawa, biasanya ada menu selain bakmi kayak nasi goreng, nasi godhog, kwetiaw, dan sebagainya TAPIII di sini beda!
Pak Sartugi fokus pada 2 menu: bakmi godhog dan bakmi goreng tok.
Tipikal bakminya pipih kecil, dengan cara masak yang beda sehingga aroma kaldu ayamnya BEUH... nampol!!
Aku ke sini 2 tahun lalu dan harga per porsinya cuma 10ribu. Kalo sekarang jadi harga berapa ya?
Warga Karanganyar boleh dongg komen di bawahh

#throwback #throwbackthursday #bakmi #bakmijawa #kulinerkaranganyar",2023-08-24T09:30:00.000Z,Positif
dyodoran,"Mbahas kuliner malam pasti gak lengkap kalo gak nyebut gudeg yang satu ini.
Jualan dari jam 8 malam - jam 1 pagi, tiap harinya ludes 50 kg nasi!
Kebayang kan enak dan ruamenya kayak apa?? 

Ulasan selengkapnya ada di Youtube Channel Dyodoran yaa

#gudeg #kulinermalam #kulinermalamjogja #kulinerlegendaris #jogjafoodhunter",2023-08-25T09:30:00.000Z,Positif
dyodoran,"PERTAMA KALI MAKAN BURGER RASA MIRIP WASABI!!

Kalo biasanya saus burger identik dengan rasa tomat, keju, atau barbeque, saus burger disini beda karena terasa mirip wasabi

Ternyata sausnya dibuat dari mayonnaise kacang polong! Terus ada rucola, sayur yang kaya akan zat besi, vitamin A dan C dengan karakter rasa yang kuat dan sedikit pedas! Gokilnya, ini vegetarian burger loh! Kira-kira pattynya dari apa ya?

Penasaran kan.. makanya, ndang cobain burger ini dan menu-menu sehat lainnya dari @wakeupsaam ! Terverifikasi semlidut lezatos kotos kotoss

#wakeupsaam #finestbreakfast #jogjafood #jogjafoodies #kulinerjogja",2023-08-22T09:37:27.000Z,Positif
dyodoran,Pertama sampe Jogja langsung kita kasih yang heboh @hobbymakan.id,2023-08-27T05:17:46.000Z,Positif
dyodoran,"Ini tuh kuliner otentik Bali yang udah jadi langganan temen-temenku
Pas aku cobain rasa pedesnya BEUH.. NAMPOOLL!! 
Oiya, semua kuliner di sini halal yaa, ndang dicoba lurrr

#nasijinggo #kulinerkhasbali #kulinerjogja #jogjafoodhunter #dyodoranjogja",2023-08-20T09:30:00.000Z,Positif
dyodoran,"Kilas balik sate legendaris di dalam pasar!!

Ini persatean yang direkomendasikan sama Warga CCTV Semlidut
Sudah dijalani generasi ke 4, lokasinya di dalam Pasar Kota Sragen
Meskipun di dalam pasar, pengunjungnya ruame pol lurrrr!!

Save dan share postingan ini buat jadi referensi kuliner kalian yaaw
Ulasan selengkapnya ada di Youtube Channel Dyodoran, Sate Pak Jamin 

#satekambing #satesapi 
#kulinersragen #kulinerlegendaris #kulinerindonesia",2023-08-17T09:27:26.000Z,Positif
dyodoran,"TAU GAK ADA ALL YOU CAN EAT SUSHI DAN SASHIMI DI JOGJA?!

Jujur aku baru pertama kali makan di sini dan setiap menunya BEUH… premium, wenakkk dan semlidut lezatos kotos kotos! 

Tersedia 3 varian paket ayce MULAI DARI 99 RIBU dan menu ala carte dengan bahan yang bener-bener fresh! 

Tempatnya luas, instagramable, sejuk, cocok buat kumpul bareng keluarga atau temen-temen kalian

Ada banyak promo selama bulan Agustus! Follow @sushihasha buat info lebih lanjut yaww

#sushi #sashimi #aycesushi #kulinerjogja #jogjafoodies",2023-08-18T09:28:42.000Z,Positif
dyodoran,"Spot perkambingan yang satu ini berdirinya belum terlalu lama TAPIII dalam waktu 4 jam, stok 200kg kambing ludes!!
Lokasinya ada di Bantul. Kalian ada yang udah ke sini?

#satekambing #kambing #kulinerjogja #jogjafoodhunter #dyodoranjogja",2023-08-19T09:30:00.000Z,Positif
dyodoran,"Pertama kali nyobain ice cream setinggi ini dengan cone dari croissant!
Lokasinya pas di pertigaan dan ruame pol lurrr
Kalian ada yang pernah coba gak?

#icecream #icecreamcone #kulinerjogja #jogjafood #jogjafoodhunter",2023-08-26T09:24:46.000Z,Positif
dyodoran,"30 TAHUN JADI SUPPLIER MIE, AKHIRNYA BUKA WARUNG SENDIRI!!

Kabar baik buat pecinta mie ayam, ada spot mie ayam & bakso khas Wonogiri baru nih!
Mienya dibuat sendiri, semur ayamnya manis berempah, tekstur baksonya makkres BEUH... semlidutt
Kalo mau pesen mie basah buat jualan mie ayam juga bisa. Dikirim sampai lokasi lur!

Mie Avam Bakso Pak Agus Arga ""Asli Wonogiri""
Lokasinya pas di Utara Bangjo Blok O, samping pintu masuk RSPAU Hardjolukito!
Ndang mrene yooo~

#mieayam #mieayambakso #mieayamjogja #kulinerjogja #jogjafood",2023-08-21T09:30:00.000Z,Positif
dyodoran,"Di Jogja tuh gak banyak yang jual gudeg manggar
Nah uniknya pas dulu main ke Keraton aku juga dapet suguhan ini!
Kalian ada yg pernah coba?

#gudeg #gudegmanggar #gudegjogja #kulinerjogja #dyodoranjogja",2023-08-13T12:03:05.000Z,Positif
dyodoran,"MUKBANG SEGO BANCAKAN KHAS SUNDA PORSI BRUTAL!!

Yang aku makan tuh sebenernya porsi buat 7 orang tapi tak makan sendirian wgwgwg wareg puol!!
1 paket ini sudah termasuk Ayam Goreng Kampung, Tumis Cumi Asin Cabe Ijo, Sayur Asem dan beberapa lauk lainnya
Kalian bisa pilih mau paket nasi tutug tempe kayak aku atau nasi liwet

Selain sego bancakan, kalian juga wajib pesen Sup Iga dan Iga Bakarnya lurr
Ditemani dengan pemandangan di @supigarindualam yang seindah ini, definisi melepas kepenatan di kota~

#supigarindualam #segobancakansundajogja #masakansundajogja #kulinerjogja #jogjafoodies",2023-08-15T09:30:00.000Z,Positif
dyodoran,"HIDDEN GEM SALAD BAR DI JALAN PALAGAN!!

Kalo lagi ga syuting, aku selalu biasain detox pencernaan dengan makan sayur sayuran biar ga buncit wgwgwg
Nah kali ini kebetulan aku nemuin hidden gem persalad-tan yang joss!!
Yang kupesen namanya Grill Chicken Salad yaw
Kalian ada yg pernah kesini juga gak?

#salad #saladjogja #kulinerjogja #jogjafoodies #dyodoranjogja",2023-08-09T09:25:31.000Z,Positif
dyodoran,"CUMA DI SINI BELI MAKAN MALAH DAPET 100RIBU!!

Ini tuh kuliner yang udah aku makan dari jaman kuliah, jadi pas mbalik kesini serasa nostalgiaa hehehe

Btw info nihh, kalian bisa pesan makan lebih mudah dan murah lewat aplikasi @jogjakita_official dengan claim Bonus Poin 100ribu dan dapetin diskon 20% untuk check out kuliner favoriitmu! buat followersku ada harga khusus yaaa sampai akhir bulan Agustus ini

Ada juga fitur video sharing, jadi ndang install dan follow akun Dyodoran di aplikasi JogjaKita lurr

Kira-kira kalian bakal check out menu apa nih dari @bungongjeumpajogja ? 

#jogjakita #kulinerjogja #jogjafoodies",2023-08-11T09:25:06.000Z,Positif
dyodoran,"SOTO DENGAN TOPPING JEROAN LENGKAP DI SRAGEN!!

Kilas balik sore ini aku mau ajak kalian kulineran ke Sragen.
Ini tuh soto legendaris yang sudah berdiri sejak 1953 dengan harga per porsi CUMA 9000!!
Yang bikin seneng, topping jeroannya lengkap lurrr
Mulai dari babat, iso, paru, limpa, lidah... BEUH... bikin ngilerrrr
Warga CCTV Semlidut Sragen ada yang pernah ke sini gak??

#throwback #throwbackthursday #kulinersragen #kulinerlegendaris #dyodoran",2023-08-10T09:26:25.000Z,Positif
dyodoran,"info kuliner perbebekan di jogja selatan!!
kalian ada yg langganan di sini gak lur?

#nasibebek #nasibebekjogja #kulinerjogja #jogjafoodies #dyodoranjogja",2023-08-08T09:30:00.000Z,Positif
dyodoran,"ini tuh soto terbanyak topping, terlaris, terpagi yang pernah aku datengin wgwgwg soalnya nek kesiangan dikit ya bablas lurrr
kalian udah ada yg berhasil makn disini belum? 

#soto #sotosapi #kulinerlegendaris #kulinerjogja #dyodoranjogja",2023-08-05T09:57:58.000Z,Positif
dyodoran,"MUKBANG KAMBING GULING UTUH!! 

Mbalik lagi ke sini buat kasih info lengkap tentang perkambingan yang satu ini!!
Sudah tayang di Youtube Channel Dyodoran yaww, ndang ditonton lurr~

#kambingguling #satekambing #kulinerklaten #klatenkuliner #dyodoran",2023-08-06T09:27:46.000Z,Positif
dyodoran,"akhirnya keturutan nyobain ikan cipung 
kalian ada yang udah coba? suka enggak?

#ikan #ikancipung #izakaya #izakayajogja #kulinerjogja",2023-08-07T09:30:00.000Z,Positif
dyodoran,"DITANTANG MUKBANG KAMBING❌
DITANTANG MASAK KAMBING✅✅✅

Kaget pol pas di acara @finnafood_id kemarin, karena aku dapet Mystery Box berisi KAMBING!!
Untung kuliner perkambinganku lumayan, jadi bisa sat set masak bareng 120 peserta lainnya!!

Momen paling dag dig duar tuh pas penilaian sih, karena ada @inijie , Chef @rinrinmarinka dan juri-juri keren lainnya!

Selain ikut lomba masak, aku juga explore bazar UMKMnya.
Seneng deh bisa ketemu banyak temen-temen di sini!!

Sampai ketemu di acara Finna Foodies Competition 2024 lurrr

#finnafoodiescompetition #finnafoodiescompetition2024 #prambanan",2023-08-14T09:30:00.000Z,Positif
dyodoran,"SATU SATUNYA STEAK YANG DIPANGGANG DENGAN KOMPOR PLAT BAJA!!

Tapi ini bukan sembarang kompor ya lurr.
Namanya plancha grill, pemanggang plat baja yg diimpor langsung dr Argentina!

Dengan metode memasak klasik ""wood-fire a la plancha"" dgn suhu 300 derajat celcius,steak yang dihasilkan BEUH... jauh lebih juicy dan smoky!! 
Satu-satunya steakhouse di hotel Jogja dgn metode memasak ini! 

Kita bisa menyaksikan langsung proses memasaknya & berinteraksi langsung dgn master grill-nya.

Btw ada PROMO nih: 
- 3 Course Steak Dinner IDR 350.000 net/pax: appetizer, steak, dessert, mocktail. Pilihan daging: tenderloin, sirloin, dan ribeye
- Steak & Grill Dinner Set IDR 1.675.000, paket utk sharing 4-6 orang: wagyu, sosis, salmon, bebek, lengkap dengan potato & assorted vegetables

Detail menu & reservasi langsung follow Instagram @naiclasteak yaww

#steak #steakhouse #naiclasteak #naiclasteakandgrill #gaiacosmohotel #kulinerjogja #jogjafooddestination",2023-08-04T09:27:21.000Z,Positif
dyodoran,"AKHIRNYA NYOBAIN MAKAN DI WARUNG TENDA ALA DRAKOR!

Kalian pasti nemuin warung ini di drakor manapun dan kemecer pengen nyoba, ya tooo??

Nah ini warung tenda alias pojangmacha rekomendasiku di Jalan Kaliurang.

Harganya mulai dari 8ribuan dan semua menunya HALAL, no pork, no lard, no alkohol! Porsinya juga bikin kenyang

Meskipun tendaan, makan di sini tetap nyaman karena ada ACnya dan tersedia juga baby chair. CATET jam bukanya ya: Senin-Kamis dari jam 15.00-22.00, Jumat-Minggu dari jam 15.00-24.00.

Follow @noldapocha untuk info promo dan lainnya lurr

#noldapocha #noldapochajogja #koreanstreetfood #jogjafoodies #kulinerjogja",2023-08-30T09:24:44.000Z,Positif
dyodoran,"KU KIRA BEBEK BACEM, TERNYATA...

ternyata gak cuma dimasak bacem, kalian juga bisa request buat diopor, digoreng, atau rica rica!!
muantep polll
Warga CCTV Semlidut Magelang ada yang pernah coba?

#bebek #bebekgoreng #kulinermagelang #dyodoran",2023-07-29T09:30:00.000Z,Positif
dyodoran,"ALASAN KENAPA KAMU HARUS KULINERAN DI JOGJA, NOMER 3 GAK MASUK AKAL!!

Gak masuk akal karenaaa dimana lagi kalian bisa menikmati opor bebek mulai dari harga 9 ribu?!
Atau makan sate klathak sampai kenyang, karena seporsi cuma 22ribu dan sudah dapat 4 tusuk??

Mari cintai, beli, dan konsumsi produk dalam negeri serta menangkan hadiah total Rp10 juta dengan ikut Kompetisi Video Flexing Lokal dari Kemenkopukm X Google dan Youtube!!

Info selengkapnya cek di instagram @kemenkopukm dan @googleindonesia yaa, ditunggu sampai 4 Agustus 2023 lurr

#FlexingLokal #barengGoogledanYoutube #BanggaBuatanIndonesia #HariUMKM2023",2023-08-01T09:25:57.000Z,Positif
dyodoran,"kemaren pada nanyain lokasi dan rasa dari kuliner yang satu ini too
jadi ndang tonton ulasan selengkapnya di Channel Youtube Dyodoran!! 

#nasihainam #nasihainan #kulinerjogja #jogjafoodhunter #dyodoranjogja",2023-08-02T09:26:59.000Z,Positif
dyodoran,"Udah weekend ajaaaaaaa 
Pada mampir ya ke @tokosemlidut oleh-oleh Jogjanya aku , Atau bisa kirim ke penginapan WA Aja  0818-0789-9499 

#tokosemlidut #oleholehjogja #kulinerjogja #jogja",2023-07-28T03:04:08.000Z,Positif
dyodoran,"Kalo kalian ke Jogja dan turn di Pasar Lempuyangan jam 6-an, saranku kalian sarapan tongseng kambing ini lurr 
Tongseng kambing ini beda karena rasanya BEUH.. dan per hari cuma stok 40 porsi padahal banyak yang cari!!",2023-07-24T09:30:00.000Z,Positif
dyodoran,"MUKBANG SUSHI HALAL 10 RIBUAN!!

Akhirnya @shigerudeli buka cabang kedua di Jogja!
Ada promo sushi 10 RIBUAN dan BUY 1 GET 1 free drink yang berlaku sampai 11 Agustus 2023!
Selain sushi, kalian juga wajib cobain spicy odeng, tempura dan robatayakinya
Semlidut lezatos kotos kotosss 

#sushi #sushihalal #shigeru #kulinerjogja #kulinerjogjamurah",2023-07-31T04:41:45.000Z,Positif
dyodoran,"PEDES MBLEDOS GOBYOS GOBYOS!!

Kilas balik kali ini aku mau ajak kalian ke Sragen!
Pas di timur Jembatan Gawan, ada warung bothok legendaris yang sudah buka sejak tahun 1980an
Menu sih cuma ada Bothok Ayam & Patin ya pas aku dateng tapii rasanya BEUH... semlidut lezatos kotos kotosss
Warga CCTV Semlidut ada yang pernah coba?

#throwback #throwbackthursday #kulinersragen #kulinerlegendaris #dyodoran",2023-07-27T09:26:20.000Z,Positif
dyodoran,"Ini tuh salah satu gudeg legendaris yang memang gak diomongin
semua orang
Experience untuk intip dapur, antri ambil makan dan antri buat dapet tempat duduknya juga gak bakal terlupakan furrr wgwgwg
Kalian ada yang pernah kesini gak?

#gudeg #kulinerlegendaris #kulinerjogja #jogjafood #dyodoranjogja",2023-07-26T09:59:29.000Z,Positif
dyodoran,"KARE PERTAMA DI KARANGANYAR!!

Aku mau ajak kalian kilas balik ke kuliner legendaris Karanganyar yang masih super tradisional!!
Kuliner ini sudah masuk generasi ke 3 dan proses masaknya masih pakai kuali.
Alat pikul yang dipakai tahun 1960-an pun masih dipakai juga sampe sekarang dan ini adalah kare ayam pertama di Karanganyar.
Namanya Kare Mbah Setu, ada yang pernah coba?

#throwback #throwbackthursday #kulinerlegendaris #kulinernusantara #dyodoran",2023-08-03T09:29:54.000Z,Positif
dyodoran,"Selamat pagi kaum begadang 
Yang paginya merem anaknya melek 
Ngantukkk beraaaaaattttzzzzzzz…

#newborn #bendyofamily",2023-07-24T02:58:31.000Z,Netral
dyodoran,"warung ramesan yang lagi viral di jogja!! 
satu catetan dari aku: hati hati dijotos karo sambele @kantinlarasati lurrrr

#warteg #kulinerjogja #jogjafood #jogjafoodhunter #dyodoranjogja",2023-07-23T09:30:00.000Z,Positif
dyodoran,"HIDDEN GEM PRIVATE DINNER 100% HALAL DI TENGAH KOTA JOGJA!!

Dengan spesialisasi menu peranakan chinese melayu yang dikembangkan sama momicep @casademiakitchen , menu di sini lebih kaya bumbu dan terjamin 100% HALAL!
 
Nah karena konsepnya private dinner dan cuma buka Kamis-Minggu dari jam 17.00 - 21.00. , kalian WAJIB reservasi sebelum datang!
Sekalian pesen menu ya..

Nama tempatnya BUKA MEJA Cemorojajar by Casademia Kitchen
Info lebih lanjut langsung follow @casademiakitchen yaww

#kulinerjogja #jogjafoodhunter #bukamejacemorojajar #bukamejacasademia #casademiakitchen",2023-07-25T09:26:21.000Z,Positif
dyodoran,"salah satu kuliner pagi andalanku kalo lagi main di daerah Lempuyangan.
sudah kedua kalinya aku kesini, jenangnya terverifikasi semlidut lezatos kotos kotosss

#bubur #bubursumsum #jajananpasar #kulinerjogja #dyodoranjogja",2023-07-22T09:30:00.000Z,Positif
dyodoran,"Trip kuliner di Wonosobo kemaren aku tutup dengan berburu Durian!!
kalo kalian suka tipe durian yang kayak gimana lur??

#durian #duren #culinary #dyodoran",2023-07-19T09:36:34.000Z,Positif
dyodoran,"Seruu karena disini aku bisa ketemu sama kalian langsung 

Order online/kirim ke penginapan
chat WA Aja:  0818-0789-9499

#oleholehjogja #oleholeh #tokosemlidut #wisatajogja #jogja",2023-07-21T09:09:46.000Z,Positif
dyodoran,"KILAS BALIK AYAM PANGGANG DI KARANGANYAR!!!

Warung ini aku datengin atas saran CCTV Warga Semlidut, katanya wajib banget dicoba dann akuu sangat bersyukurr dengerin usul kalian lurrrr
Aku intip dari proses masaknya, alat dan bahan masaknya.. super unik dan otentik!!
Jadi pengen balik kesini lagii wgwgwg 

#throwback #throwbackthursday #kulinerlegendaris
#kulinerkaranganyar #ayampanggang",2023-07-13T09:42:31.000Z,Positif
dyodoran,"SETELAH 5 TAHUN, MENU INI AKHIRNYA DIKELUARIN LAGI!! 

Ada 1 menu favorit dari fruit bar langgananku, namanya Havana Ling. campuran kuah soda dan lemon yang nyegerinnn

Selain comebacknya Havana Ling, ada banyak menu main course baru dan PAKET MERDEKA, modal 49ribuan bisa dapet 1 main course + 1 sup buah!

Dulu Havana Ling jadi favorit semua pelanggan, tapii karena antusias yang terlalu tinggi jadi gak kepegang dan setelah 5 tahun menunggu akhirnya dikeluarin lagi dongg berasa nostalgia deh kalo makan ini wgwgwg

Buruan ke @bowllingid , tempatnya luas dan ada playground untuk anak-anak, bisa bikin acara juga lho di sinii

#bowllingid #bowlling #bowllingconcat #jogjafoodies #kulinerjogja",2023-08-23T09:30:00.000Z,Positif
dyodoran,"Jujurr setuju sama Mas Arief @kulineryogya , ini berasa kayak lagi war tiket konser konser internasionall wgwgwgwg
Ini kalo kamu datengnya kesorean, alamat gak kebagian sih soalnya yang antri was wes wos tenan lurrr 

#kulinerlegendaris #kulinerjogja #kulinerjogjakarta #streetfood #dyodoranjogja",2023-07-14T09:31:08.000Z,Positif
dyodoran,"mie ayam TANPA MICIN porsi ugal ugalan yang lagi viral di Jogja lurrr!!
ada yang udah coba?? 

#mieayam #mieayamenak #mieayamjogja #kulinerjogja #dyodoranjogja",2023-07-17T09:29:10.000Z,Positif
dyodoran,"SERING DIKIRA DISKOTIK, PADAHAL TEMPATNYA SUPER ESTETIK!! 

Siapa yang salah juga kayak aku?!
Jujur kalo diliat dari luar sih pasti mikirnya aneh-aneh, padahal tempatnya WOAH... instagramable pol dan fasilitasnya lengkap!!
Kita juga bisa ngadain acara karena ada hall multiple event yang muat sampai 200 orang
Khusus di bulan JULI, ada banyak PROMO up to 20% dan extra PROMO MAHASISWA 

Buruan ajak temenmu kesini dan follow @downtowndiner.id untuk info promo selengkapnya yaa

#kulinerjogja #jogjafood #jogjafoodhunter #nongkrongjogja #dyodoranjogja",2023-07-15T04:30:00.000Z,Positif
dyodoran,"MAKAN PASTA MAHAL❌
MAKAN PASTA DENGAN KEJU HARGA JUTAAN✅✅✅

Trip Youtube ke Bandung, aku sempet makan pasta yang pakek keju Grana Padano
Ini tuh salah satu keju termahal otentik dari Italia!
Tersedia juga steak yang ukurannya ampun lur... GUEDE BANGETTT, sampe capek ngunyahnya
Warga CCTV Semlidut Bandung udah ada yang coba?

#pasta #kulinerbandung #bandungfoodies #bandungkuliner #dyodoran",2023-08-16T09:22:16.000Z,Positif
dyodoran,"PERTAMA DI INDONESIA! COLLAB KITKAT X BAKPIA LOKAL JOGJA!!

Bakpia isi coklat memang banyak, tapi pernah gak kalian makan bakpia isi biskuit coklat Kitkat yang crunchy?

Bakpia isi Kitkat ini cuma bisa kalian temuin di store @bakpiajuwarasatoe !!

Nah saranku, sebelum di-hap, hangatkan dulu bakpianya pake microwave. Jadi coklat Kitkat dan tekstur bakpianya makin menyatu, perpaduan yang perfecto semliduto!!

Bakpia Juwara Satoe X Kitkat ini sehari cuma produksi 3000 pieces, jadi buruan cobain lurr karena waktunya terbatas!

Info pengiriman luar kota dan lainnya langsung cek ke @bakpiajuwarasatoe yaww

#bakpiajuwarasatoe #kitkat #oleholehjogja #oleholeh #kulinerjogja",2023-07-18T09:38:04.000Z,Positif
dyodoran,"Mana nehh yang kemaren minta di-spill lokasi Nasi Megono??
Ikii wis tak spill lokasinya. Emang agak mblusuk tapi.. 
Save & share yo lurrr biar gampang carinya!!

#kulinerwonosobo #nasimegono #kulinerndeso #dyodoran",2023-07-16T09:37:24.000Z,Positif
dyodoran,"PERTAMA KALI MAKAN BUBUR PAKE SEDOTAN!!

Nggak, ini bukan lomba sih.. aku lagi cobain cara beda buat nikmatin bubur semlidut yang wajib kalian coba kalo lagi di Jogja wgwgwg

Bukanya dari jam 6 pagi dan punya PAKET 10 RIBU, ini jadi salah satu pemadam perut keroncongan!

Apalagi Bubur Ketan Hitam Spesialnya BEUH.. masih jadi salah satu bubur ketan hitam terenak yang pernah aku makan!!

Kepingin to? Makanya ndang ke @buburhayam gerai Pusat atau Cabang Tasura ya lurr

#kulinerjogja #jogjafood #jogjafoodhunter #buburhayam #dyodoranjogja",2023-07-28T09:31:53.000Z,Positif
dyodoran,"JENANG CANDIL TERMAHAL YANG PERNAH AKU MAKAN!!

Dari 74 kota dan kabupaten yang pernah aku datengin, kuliner ini adalah salah satu yang ngena banget di lidah dan di dompet wgwgwgwg
Per porsi isinya 5 candil, tapi kalo mau request lebih banyak atau lebih sedikit juga bisa!
Warga CCTV Semlidut ada yang suka kesini juga gak nih??

#kulinerwonosobo #jenang #jenangcandil #jajananpasar #dyodoran",2023-07-12T09:42:24.000Z,Positif
dyodoran,"KULINER YANG DIBURU DI BANTUL!!

kalo kalian belum pernah makan kepala kambing dan mau nyoba, ini adalah salah satu rekomendasiku!!
tongseng kepala kambing di sini matangnya merata sampai ke dalam, bumbunya meresap dan yang paling penting gak prengus sama sekali
semlidut lezatos kotos kotoss

#kepalakambing #tongsengkambing #kulinerjogja #kulinerunik #dyodoranjogja",2023-07-11T09:31:40.000Z,Positif
dyodoran,"SETELAH 6 TAHUN, AKHIRNYA BUKA TEMPAT MAKAN JUGA!!

Kabar baik buat pecinta oseng mercon!
Akhirnya oseng mercon ini buka warung juga lurrr
Lokasinya ada di antara warung tenda SS dan warung tenda Nasi Kulit Syuurga di GSP UGM
Ada yang udah nyobain belom nih?!

#osengmercon #osengmercontugujogja #kulinerpedas #kulinerjogja #dyodoranjogja",2023-07-10T09:29:02.000Z,Positif
dyodoran,"Hari ini konsepnya nostalgia ke salah satu tempat makan yang dulu lumayan sering aku datengin pas kuliah!
Hayoo, kalian udah ada yang kesini belum??

#mieayam #mieayamjogja #siomay #kulinerjogja #dyodoranjogja",2023-07-07T09:32:11.000Z,Positif
dyodoran,"warung in tuh salah satu kuliner yang wajib tak datengin tiap dateng ke Wonosobo!
selain rasanya yang bikin kangen, vibes warungnya ini lho lur.. berasa lagi makan di rumah

##kulinerwonosobo #wonosobo #dyodoran",2023-07-08T09:30:00.000Z,Positif
dyodoran,"cakwe legend deket SKE Jogja!! aku udah lama gak beli, terus dapet info kalo sekarang bapaknya juga jual di pagi haril
ya langsung meluncur to~ 

#cakwe #gorengan #gorenganenak #kulinerjogja #dyodoranjogja",2023-07-01T09:30:00.000Z,Positif
dyodoran,"NASI BEBEK JUMBO, BUKA DARI SIANG!!

Kabar bahagia buat pecinta bebek, sekarang akhirnya ada warung bebek goreng yang buka dari jam 12 siang!

Ukuran bebeknya BEUH… jumbo, ngenyangin pol! Kalo lagi diet, kalian bisa pesen bebek kecilnya

Nah minumannya ini lur yang bikin beda, karena ada Es Tape Gosrok Bahagia dan Es Badak Sarsaparilla! Pertama kalinya sihh aku nemu warung bebek dengan minuman kayak gini~

Aku makan di @nasibebek.bahagia , kalo dari utara ada di kiri jalan ya!

#nasibebek #nasibebekjogja #kulinerjogja #jogjafoodhunter #dyodoranjogja",2023-07-03T09:30:00.000Z,Positif
dyodoran,"kuliner lagi? Atau bahas toko oleh2? Atau bahas keseharian, atau ada masukkan apa dari kamu ? 

#threads @threadsapp",2023-07-06T04:48:03.000Z,Netral
dyodoran,"kalo udah selesai explore gudeg dan bakmi godog, yang wajib kalian coba adalah sop buntut ini!
bukanya emang cuma siang hari, tapi per harinya habis 1 kwintal iga & buntut sapi!
kemaren aku ajak Mas @hobbymakan.id kesini~
Warga CCTV Semlidut Jogja udah pernah coba?

#sopbuntut #sopiga #sopigasapi #kulinerjogja #jogjafoodhunter",2023-07-05T09:30:00.000Z,Positif
dyodoran,"salah satu streetfood kampus Sanata Dharma yang aku incer dari lama!!
kalian ada yg suka jajan ini gak?

#streetfood #streetfoodjogja #jasuke #gungsuju #dyodoranjogja",2023-07-04T09:30:00.000Z,Positif
dyodoran,"JELAJAH KULINER FAVORIT PAK JOKOWI!! 

Main ke Solo kali ini cukup beda, karena aku mau jelajah kuliner legendaris dan kuliner favorit Pak Jokowi di acara @pucukharumid Festival Kuliner Legendaris!!

Total ada 80 kuliner yang bisa kalian coba!
Tiketnya masuknya GRATIS dan kalian bisa dapet iPhone 14 pro, 2 Instax dan jutaan hadiah lainnya dengan bikin konten ""A Day In Festival Kuliner Legendaris""~

Acaranya cuma sampe hari Minggu, 9 Juli 2023 di Benteng Vastenburgh Solo.
Ndang disamperin ya Besteaa

#PucukGeneration #PucukinFestivalKulinerLegendaris #TehPucukHarumFestivalKulinerLegendaris #dyodoran",2023-07-09T04:58:46.000Z,Positif
dyodoran,"PADAHAL BANYAK YANG CARI.. TAPI TETAP TIDAK BUKA CABANG!!

Kilas balik kuliner kali ini aku ajak kalian ke Karanganyar buat intip dapur kuliner terkenal: Ayam Tim Mbok Iyem!
Spesialnya, disini pakek ayam kampung dengan proses masak selama 4 jam!
Terus per paket ini sudah dapat beberapa jenis sambal juga lurr
Jadi kebayang kann enaknya kayak apa... 

Absen dongg Warga CCTV Semlidut yang udah pernah nyobain inii 

#throwback #thrusdaythrowback #kulinerkaranganyar #kulinerlegendaris #dyodoran",2023-07-06T09:28:35.000Z,Positif
dyodoran,"mampir ke mie nyemek fenomenal di selatan jogja bareng Mas @hobbymakan.id 
meskipun nunggunya luamaaa, tapi sehari bisa jual sampe 200 mangkok Ihooo
ada yg udah coba?

#mienyemek #mienyemekbusiti #kulinermalam #kulinerjogja #dyodoranjogja",2023-07-02T09:30:00.000Z,Positif
dyodoran,Siang ini lagi merenungi gak bangun di pagi hari padahal shalat Ied setahun sekali :(,2023-06-29T05:39:48.000Z,Netral
dyodoran,"Belum grand opening , tapi kalau mau mampir udah buka ya @tokosemlidut oleh2 Jogjanya. Mau minta masukan apa aja yang masih perlu di perbaiki

Kalau kamu lagi sibuk wisata pesen Aja ke nomer WA ini ya 0818-0789-9499 biar kami anter 

#tokosemlidut #tokooleholehjogja #oleholehjogja #Jogja #threads",2023-07-08T02:59:51.000Z,Positif
dyodoran,"FAMILY RESTO ANTI MAINSTREAM DENGAN VIEW GUNUNG MERAPI!!

Jujur aku baru pertama kali ke tempat ini dan langsung cocok sama vibesnya yang syahdu pol!!

Menunya variatif dengan harga mulai dari 10 ribuan, super terjangkau apalagi buat mahasiswa yang butuh healingg wgwgwg

Selain menu ala carte, kita juga bisa pesan menu by request, nasi box, hampers dan lainnya untuk area Jogja!

Aku makan di @yogyankopi . Buka dari jam 8 pagi dan tempatnya family friendly, jadi cocok buat sarapan di sini! Ndang ajak keluargamu lurrr

#familyrestaurant #restokeluarga #kulinerjogja #jogjafood #jogjafoodhunter",2023-06-30T12:00:00.000Z,Positif
dyodoran,"Liburan keluarga semakin berkesan dengan nikmatnya berbagai
menu otentik sunda di @lalawuhsunda spesialis menu Bakaran dan Pepes Ikan!
Nasi Liwet Spesial Kastrol, Cumi Asin Cabe Gendot, dan Gurameh Pesmol nya BEUH... juara lur!! Pantes jadi menu best seller~
Tempatnya instagramable, kids friendly dan cocok buat kumpul acara besar!
Buruan agendakan acara keluarga kalian di @lalawuhsunda 

Info & reservasi : 0811-2938-700",2023-06-28T04:30:00.000Z,Positif
dyodoran,"Yang nyariin bakso di Jombor sekarang pindah kesini yaaaww
Ada yang langganan juga gak nih lurrr??

#bakso #baksourat #baksosapi #kulinerjogja #dyodoranjogja",2023-06-27T09:33:57.000Z,Positif
dyodoran,"Kilas balik kuliner yg sedang viral di Temanggung!!
Aku sama tim kesini udah sekitar 3 tahunan yang lalu

Warung ini sudah berdiri sejak tahun 40an dan pas aku dateng, sudah diolah sama generasi ke-3!!
Soal rasa gak perlu diraguin lagi lurrr

#throwback #throwbackthursday #kulinertemanggung #kulinerlegendaris #dyodoran",2023-06-29T09:30:00.000Z,Positif
dyodoran,"POV BAPACK2 BARU TAS PINK 
Dengan seperangkat popok, tisu, botol dot dll 

Cocok lah ya ? Wgwgwg

#bendyoFamily #newbabyborn #newborn #stroller",2023-07-01T04:39:47.000Z,Netral
dyodoran,"Warung ini cuma 10 menitan sebenernya kaloo dari rumahku, tapi baru pertama kalinya aku makan disini!
Gak nyangka ternyata warung in legend wgwgwg tau gitu dari dulu tak samperin

#tongseng #satekambing #kulinerlegendaris #kulinerjogja #dyodoranjogja",2023-06-24T09:30:35.000Z,Positif
dyodoran,"BIKIN TEH PAKE MESIN JAHIT??

Pertama kalinya aku nemu tempat minum teh yang seunik ini lurrr
Mulai dari bahannya, lokasinya, sampe cara bikinnya!
Ada yang pernah coba?

#teh #tehtelur #kulinermalam #kulinerjogja #dyodoranjogja",2023-06-25T09:30:00.000Z,Positif
dyodoran,"Kalo kesehatan mulai ngedrop, jajan jamu jadi pilihan pertama!
Ini tipikal warung jamu g rempahnya lumayan banyak dan hasilnya juga nendang!
Kalian biasanya pesen apa lur?

#jamu #jamutradisional #kulinerjogja #jogjafood #dyodoranjogja",2023-06-23T09:33:22.000Z,Positif
dyodoran,"Tebak kira2 besok siapa yang menjadi pemenangnya?
- Baju Putih
- Baju kotak2
- Jaket jeans

Tayang hari Jum’at 23 Juni 2023 Jam 19.00 Di Channel YouTube Dyodoran

#lombamakan #mukbang",2023-06-22T12:53:58.000Z,Netral
dyodoran,"YANG LAGI VIRAL DI TIKTOK, ROTI SEHAT TANPA KIMIA AKHIRNYA BUKA TOKO!

Di Tiktok lagi trend makan bluder pake susu!
Kalo aku rekomendasiin bluder langganan dari 2019 yang dibuat konsisten tanpa bahan pengawet, jadi lebih sehat!

Selain bluder, di sini juga ada Bomboloni, Cake, Roti Tawar Bebas Gluten, Scone, dan puluhan jenis roti lainnya yang rasanya BEUH… wajib coba sendirii

Kalian bisa dapetin DISKON ALL ITEMS 10% dengan repost reels ini ke instastory, tulis kode promo ""DYO2001"" dan tag IG @hikarubakehouse.new dan @bludersusujogja , terus tunjukkin ke kasir dehh

Berlaku cuma sampai tanggal 1 Agustus 2023 lhoo, ndang direpost terus jajan lur!!

#bluder #hikarubakehouse #bludersusujogja #promohikaru #kulinerjogja #jogjafoodhunter",2023-07-20T09:20:49.000Z,Positif
dyodoran,"Update @tokosemlidut 
Udah menjelang hari H sambil deg2an
Oiya buat UMKM yang udah ngirim sample ditunggu ya konfirmasinya 

#tokosemlidut #oleholehjogja",2023-06-28T12:35:38.000Z,Positif
dyodoran,"SEHARI HABIS 1 KWINTAL AYAM?! 

ini tuh salah satu ayam goreng lokal terkenal di Jogja yang sebelahan langsung sama ayam goreng label M itu lho lurr
kemaren aku kesini sama Mas Evan @hobbymakan.id dan rasanya BEUH...
kalian ada yang langganan kesini juga gak lur?

#ayamgoreng #ayamgorengtepung #kulinerjogja #jogjafoodhunter #dyodoranjogja",2023-06-26T09:30:00.000Z,Positif
dyodoran,"Spot soto yang satu ini langsung jadi langganan karena sotonya seger dan gorengannya itu lho...
Selalu hangat!!
Harganya juga murah, dan buat pecinta baling bisa request soto balungan!
Ada yg tau lokasi soto ini gak? 

#sotoayam #kulinerjogja #kulinerjogjamurah #jogjafood #dyodoranjogja",2023-06-20T12:00:00.000Z,Positif
dyodoran,"CUMA DI SINI BISA KULINERAN BARENG PAK ERICK TOHIR!! 

Kapan lagi ikut race terus menikmati berbagai kuliner khas Jogja di 1 tempat bareng Pak @erickthohir kalau bukan di acara Mandiri Jogja Marathon 2023?!

Yang bikin makin asyik, kalian bisa dapetin Cashback up to 50% dengan pembayaran via Kartu Kredit, Kartu Debit, dan QRIS Livin' by Mandiri!
Promo ini berlaku sampai akhir 30 Juni 2023 lho~
List merchant bisa kalian cek di bmri.id/promojogja23 yaa

Follow @mandirijogmar & @bankmandiri untuk info selengkapnya dan jumpa di Mandiri Jogja Marathon 2024 lur! 

#MajukanEnergiIndonesia #MJM2023",2023-06-21T09:30:00.000Z,Positif
dyodoran,"BURGER SOMBONG YANG CUMA BUKA 2X SEMINGGU!!

Bun burgernya lembut dan pas digigit bareng saus signaturenya BEUH... semlidutt
Tempatnya juga asik buat ngobrol bareng temen temen!
Ndang dicoba lurr~

#burger #kulinerjogja #dyodoran",2023-06-19T09:30:00.000Z,Positif
dyodoran,"DI PROTES‼️
“Mas mbok borong warung kecil aja” Okay siap langsung di kabulkan

Tayang malem ini jam 7 di YouTube Dyodoran 

Di tonton ya sambil ninggalin jejak, kalau rame aku lanjutin 

#warungklontong",2023-06-16T05:35:00.000Z,Positif
dyodoran,"Menurutku ini cocok buat kalian yang suka ngegrill tanpa batasan waktu!
Pudingnya rekomendid bener lurr, semliduttt 

#japanesegrill #kulinerjogja #jogjafoodies #jogjafoodhunter #dyodoranjogja",2023-06-17T09:28:58.000Z,Positif
dyodoran,"Sebelumnya aku dah beberapa kali makan disini dan cocok!
Yang aku suka disini tuh ada tambahan topping paru dan isian baksonya BEUH!!
Ada yang udah pernah coba??

#kulinerjogja #bakso #baksosapi #kulinerlegendaris #dyodoranjogja",2023-06-16T12:00:00.000Z,Positif
dyodoran,"Kalo kalian ketemu Mas Dyo, kira kira bakal borong apa lur?

#borong #belanjamurah #belanjagratis",2023-06-14T09:30:00.000Z,Netral
dyodoran,"Biar ngajinya pada tambah semangat ya adek adek TPA
POV CaLeg",2023-06-15T05:00:00.000Z,Positif
dyodoran,"KULINER SETAN, IBUNYA TAKUT LARIS?!

Kilas balik hari ini aku mau ajak kalian main ke daerah Tegal!
Kuliner ini jadi salah satu makanan yang direquest sama Warga CCTV Semlidut buat diliput karenaaa namanya yang unik dan pedesnya menggelegar lurrr
Sebenernya ini cuma tempe orek yang dimasak sama kuah pedes, tapii yang antriii BEUH... luar biasa!!
Ada yang berani makan ini?

#throwback #throwbackthursday #kulinertegal #kulinerlegendaris #dyodoran",2023-06-15T09:30:00.000Z,Positif
dyodoran,"Kilas balik momen BORONG KEPALA KAMBING!!

Warga CCTV Tegal mana nih suaranya??
Tegal terkenal akan olahan kepala kambingnya, jadi ya langsung tak mampir~
Warungnya sudah jualan 3 generasi, jadi rasanya BEUH... terverifikasi semlidut!

#throwback #throwbackthursday #kepalakambing #kulienelegendaris #kulinertegal",2023-06-22T09:30:04.000Z,Positif
dyodoran,"SAME KEHABISAN NAPAS!!

Ga sengaja, ternyata stranger yg aku tantang adalah seorang ibu yg punya anak umur 3 tahun!
Menurut kalian udah cukup banyak belum nih ibu mborongnya?

#borong #belanjamurah #belanjagratis",2023-06-18T09:30:00.000Z,Positif
dyodoran,"UPDATE TOKO SEMLIDUT
hari ini akan aku chat 1-1 ya untuk jadwal kurasinya 

#TokoSemlidut #OlehOlehJogja",2023-06-14T04:32:21.000Z,Positif
dyodoran,"Duluu kuliner ini viral karena jualan ketoprak pake mobil kodok dann jualannya pas depan kuburan kristen terkenal di Jogja!
Jebul wis pindah, makanya aku update disini wgwgwg
Ini tipikal ketoprak yang puedesnya nampol, jadi tak saranin cabenya dikit aja kalo kalian mau tidur dengan tenang yawww

#ketoprak #kulinermalam #kulinerjogja #kulinermalamjogja #dyodoranjogja",2023-06-13T09:30:00.000Z,Positif
dyodoran,"AAHHHH akhirnya ada pendatang gelato baru lagi lurrr di Jogjaa!!
Di lokasinya pas depan Tamansari, jadi pas banget abis panas panasan langsung ngadem disini!!
Semlidut lezatos kotos kotosss

#gelato #gelatojogja #kulinerjogja #jogjafood #jogjafoodhunter",2023-06-05T09:30:00.000Z,Positif
dyodoran,"MENGGILA DI BANDUNG!!!

Main ke Braga, Bandung, rasanya agak kureng kalo gak mampir ke toko satu ini
Buat para pecinta es krim, menurutku kalian pasti bakal jatuh cinta sama es krim
cokelatnya!
Joss tenann semlidut lezatos kotos kotosss

#kulinerbandung #tahilalats #bandungkuliner #bandungfoodies",2023-06-11T09:30:00.000Z,Positif
dyodoran,Rolasaaaannnn sekkkk Lurrrrr,2023-06-08T04:44:23.000Z,Positif
dyodoran,"Seperti yang kebanyakan orang tau, Lumpia tuh ikon kulinernya Semarang
Tapii di Jogja juga ada Iho!
Ini pertama kalinya aku makan Lumpia ala Jogja
Saosnya beda banget sama Lumpia Semarang, tetep joss semlidut lezatos kotos kotos... 

#lumpia #lumpiagoreng #kulinerlegendaris #kulinerjogja #dyodoranjogja",2023-06-06T09:30:00.000Z,Positif
dyodoran,"nambah lagiii kuliner fancy di Jogja!
menurutku kalo untuk self reward sih ini sudah sangat cukup yaww
asal jangan keseringan lurrr ben gak cepet kempes dompetmu

btw Warga CCTV Semlidut udah ada yang kesini belum?

#kulinerjogja #jogjafood #jogjafoodhunter #cafejogja #dyodoranjogja",2023-06-04T09:30:00.000Z,Positif
dyodoran,"PERTAMA KALI IKUT KELAS BIKIN BAKPIA!!

Meskipun udah lama tinggal di Jogja dan sering nyemil Bakpia, ini pertama kalinya aku tau ada kelas bikin Bakpia!

Selesai bikin Bakpia lanjut kita belanja~ Tempatnya luas pol! Fasilitasnya lengkap, ada masjid dan parkirannya juga luas. Kapasitas area restonya bisa untuk 1000pax! 

Menurutku tempatnya oke sih buat tujuan wisata terakhir karena ini adalah tempat oleh-oleh terlengkap dan terbesar di Jogja, apalagi bakal ada mini zoo disini 

Info kelas Bakpia lebih lanjut langsung follow @ibarbopark !

#oleholeh #oleholehjogja #jogjafoodhunter #jogjafooddestinations #ibarbopark",2023-06-12T09:33:36.000Z,Positif
dyodoran,"salah satu jajanan favorit soalnyaa lumayan buat ngganjel perut pas lagi moving dari warung ke warung wgwgwgwg
kalo kalian lebih suka cimol, kentang, atau ubi lur?

#streetfood #kentanggoreng #dyodoran",2023-06-10T09:30:00.000Z,Positif
dyodoran,"Semangat hari Senin Om Tante semuaaa ‍ 

#bendyofamily",2023-06-12T03:04:09.000Z,Positif
dyodoran,"Agak kaget sih pas tau nama warung ini persis kayak warung bebek terkenal di Surabaya.
Arek Suroboyo, pie kii rasane podo ta gakk??

#bebeksurabaya #nasibebek #kulinerjogja #kulinerjogjamurah #dyodoranjogja",2023-06-03T09:30:00.000Z,Positif
dyodoran,"Menurutku, soto tuh satu kuliner yang cocok di segala suasana
Dimakan pagi sing malem cocok.. pas lagi panas atau hujan makin nikmat!
Nah kali ini aku mbahas soto legendaris yang terkenal di Jogja dan ada beberapa cabangnya!
Tapi kira kira mana yang asli ya lur?

#soto #sotosapi #kulinerlegendaris #kulinerjogja #dyodoranjogja",2023-06-02T09:30:00.000Z,Positif
dyodoran,"Warga CCTV Semlidut area Mbantul pasti gak asing sama kuliner ini!
Buka dari tahun 50-an, dan antriannya ngeri lurrr..
Kalo ada cabangnya di tengah kota, aku pasti bakal sering pesen!!

#tongseng #tongsengayam #kulinerlegendaris #kulinerjogja #dyodoranjogja",2023-05-30T09:30:00.000Z,Positif
dyodoran,"Kilas balik kali ini aku mau bawa kalian ke Bandung!

Kuliner legendaris yang dijual dari tahun 1980.
Awalnya jualan bakso, terus terpikirlah buat bikin menu iniii
Uniknya disini ada 2 versi lur, goreng & kuah!
Ada yang tau gak nih aku makan dimana? 

#throwback #throwbackthursday #kulinerbandung #kulinerbandungjuara #batagor",2023-06-01T12:00:00.000Z,Positif
dyodoran,"Hehehehe…
Alhamdulillah 

#newborn #newbornbaby #BenDyoFamily #masKenzie",2023-05-31T04:30:07.000Z,Positif
psnovi,"Teh tubruk kah ini namanya?!
Baru tau sih ini namanya produk Angkringan.. nah kemarin Beli Di toko dari jogja, dikirim dari sekitaran jogja ini.. teh nya Di mix satu, wanginya Jadi nge blend, enak ada pait dan wangi melati  Besok kita coba Makanan daerah mana lagi nih?!

#PSNovi",2023-06-02T05:05:08.000Z,Positif
dyodoran,"Iga panggang yang lagi rameee di Jakartaa!!
Ini gokil sih, soalnya sehari tuh bisa sampe buka 3 sesi dan 1,5 jam aja langsung habis!
Warga CCTV Semlidut udah pada kesini belum??

#igapanggang #kulinerjakarta #kulinerjakartaselatan #igabakar #dyodoranjakarta",2023-05-27T09:30:00.000Z,Positif
dyodoran,"WARTEG ARTSY BARU DI JALAN KABUPATEN!!

Untuk masuknya memang agak mblusuk siih, tapi makanannya lurr… semlidut!!

Menurutku, kalian harus coba ikan asap, cumi hitam plus sambel ndeso nya. Untuk dessert-nya jangan kelewat nyobain flan dan es kuwut.

Kalo masih ada, garang asemnya juga ndang disikat!!

Aku makan di @vindotyskitchen . Tempatnya homey, serasa makan di rumah!

‌

#nostalgiarasa #wartegjogja #hiddengemjogja #jogjafoodhunter #dyodoranjogja",2023-05-26T09:30:00.000Z,Positif
dyodoran,"LARIS MANIS TANJUNG KIMPUL!!

Kilas balik hari ini mau ngebahas salah satu kuliner legendaris Ayam Adun Pelabuhan Bu Mani di Gresik!

Buka dari jam 5 pagi, jam 8 udah abis lurr yaampun untung aku masih kedapetan!

Komen dong kalo kalian pernah kesini!

#throwback #throwbackthursday #kulinerlegendaris #kulinergresik #dyodoran",2023-05-25T09:30:00.000Z,Positif
dyodoran,"Kalo kalian mau nyobain kuliner yg agak beda, coba deh pesen menu spesial di tempat ini!
Soalnya aku bahkan gak nemuin menu ini di kota asalnya lurrr wgwgwg

#bakmi #bakmijawa #kulinerjogja #jogjafoodhunter #dyodoranjogja",2023-06-09T09:30:00.000Z,Positif
dyodoran,"Aku punya rekomendasi buat kalian yang mau kulineran di Solo dengan waktu terbatas!!
Next coba kuliner apa lagi ya?

#kulinersolo #kulinersoloenak #kulinersolomurah",2023-05-29T09:30:08.000Z,Positif
dyodoran,"Cuma jualan nasi + telur bisa dapet omset 7juta lurrr sebulannn wgwgwg
Kalian wis do nyoba belum nihh??

#nasitelur #kulinerviral #kulinerjogja #kulinerjogjamurah #dyodoranjogja",2023-05-31T09:30:00.000Z,Positif
dyodoran,"Bismillah minta doanya ya semuanya 
Kalau yg mau nonton fullnya bisa di Channel yuhub Dyodoran 

#kulinerjogja #Rotibakar #jogja",2023-05-25T13:06:48.000Z,Positif
dyodoran,"Auto belanja banyak sih karna perlengkapan bayi di @babyzania.jogja lucu-lucu bangetttt! 

Mulai dari perlengkapan bayi, kepentingan toiletris sampai spa untuk bayi dan anak juga ada lho! Bisa kalian cek juga di marketplace Baby Zania Jogja

Nah ada info promo nih:
- Pembelian 500k free sepatu (selama persediaan masih ada)
- KHUSUS MEMBER pembelian 100k mendapatkan poin, yang bisa ditukarkan dengan berbagaI jenis hadiah

Di sini FREE pembuatan member setiap hari SELASA dengan min. belanja 200k atau 500k dengan biaya admin 10k.

Keuntungan memiliki member bisa mendapatkan disc 5% - 10% per item, dan dapet poin yg bisa ditukarkan sama berbagai macam kebutuhan baby. Buruan bikin member bisa makin puas belanjanya! 

WA : 0877-7086-3636
Telf : ( 0274 ) 487836",2023-05-22T09:30:00.000Z,Positif
dyodoran,"RAMEN HIDDEN GEM YANG DISKON SETIAP HARI!! 

Sebelumnya aku pernah makan disini dan terverifikasi semlidut
Eh terus ada menu baru, ya langsung too tak samperinn

Ada 3 menu baru yang wajib kalian coba: Izumi Spesial Tamtam, Samurai Komakura, dan Corn Ribs sebagai side dishnya
Kuah ramennya dimasak sampe 8 jam lurr, menghasilkan rasa yang… HADEEHH, kalian cobain sendiri deh wgwgwg

Lokasinya ada di Jl. Sidokabul No.8, Sorosutan Umbulharjo
Buka dari jam 11.00-21.00, diskon 15% setiap harinya!
Info lebih lanjut langsung cek @roka.id 

‌#ramen #ramenhalal #ramenjogja #kulinerjogja #dyodoranjogja",2023-05-24T09:30:00.000Z,Positif
dyodoran,"5000 UDAH DAPET PAKET KOMPLIT?!

mahasiswa wajib merapat, aku nemu warung ramesan murah ramah di kantong!
warung ini dah buka dari tahun 1970an dengan beberap menu berbeda tiap harinya
kalian ada yang suka kesini gak lurrr?

#kulinerjogja #kulinerjogjamurah #kulinermahasiswa #jogjafoodhunter #dyodoranjogja",2023-05-21T09:30:00.000Z,Positif
dyodoran,"HIDDEN GEM FAMILY RESTO DI RINGROAD TIMUR!!

Menurutku ini tempat yang pas buat recharge energi karena lokasinya ga jauh, cuma 5 menit dari Jogja Expo Center!

Menunya beragam dan menurutku yang wajib kalian coba tuh: Empal Gentong, Bakmie Jawa Goreng sama Ayam Kampung Bakarnya! Terverifikasi semlidut lurr

Gurame Bakarnya juga rekomendid buat disantap bareng keluarga

Tempatnya juga sejuk, parkirnya luas, fasilitasnya lengkap dan ada wahana bermain anak!

Aku makan di @pawonjati_jogja by Nusantara Catering

‌#familyresto #familyrestojogja #pawonjati #kulinerjogja #jogjafoodies",2023-05-20T09:30:00.000Z,Positif
dyodoran,"Maaf ya aku batasi karena raknya juga terbatas, Aku tunggu pendaftarannya sampai tgl 30 Mei 2023 

Linknya di copy ke browser:
https://bit.ly/DaftarUMKMTokoSemlidut

#tokosemlidut #oleholehjogja",2023-05-21T03:26:37.000Z,Positif
dyodoran,"MUKBANG KEPALA KAMBING UTUH DI JOGJA SELATAN

Ada warung sate kambing baru di Selatan yang punya nasi FREE REFILL dan KERUPUK GRATIS!!

FYI, biasanya sate klatak itu disajikan bareng kuah gulai yang light, makanya pas makan sate klatak kuah tongseng di @satekambingmbahdjoyo tuh sensasi beda! Semlidut lezatos kotos kotosss

Tempatnya nyaman, parkiran luas dan bisa menampung sampai 40 orang! Cocok banget ki lurr buat kumpul bareng temen-temen atau keluarga~

Info pemesanan bisa langsung chat via Whatsapp +62 821-3480-4034

#kepalakambing #satekambing #sateklatak #satekambingmbahdjoyo #kulinerjogja",2023-05-17T09:27:13.000Z,Positif
dyodoran,"Jajan di pasar tuh jadi salah satu kegiatan healing
tipis tipis, soalnya seru aja gituu ngeliat
interaksinyaa
Ada yang saman gak? 

#kulinerjogja #kulinerjogjamurah #dyodoranjogja #jogjafoodhunter #jogjaistimewa",2023-05-19T09:30:00.000Z,Positif
dyodoran,"Bismillah biar kayak yg lain punya usaha 
Tebak aku mau buka apa?
3 orang yg bener aku kirim masing2 300.000",2023-05-16T09:00:00.000Z,Positif
dyodoran,"INTIP DAPUR TRADISIONAL GUDEG OTENTIK!

Ini salah satu top brand gudeg dengan rasa manis khas jogjaan

Uniknya, Gudeg Yu Djum 167 mengeluarkan Gudeg Frozen tanpa pengawet yang tahan sampe 3 bulan!

Secara rasa ga akan berubah dan tetap aman buat dikirim ke berbagai kota

Selain itu ada gudeg kaleng ready to eat, bisa langsung dimakan atau mau dipanasin bebass

Kalo aku sih langsung makan aja ya, wis keburu ngiler lurrr wgwgwg

Catet ya, Gudeg Frozen Yu Djum 167, bukan yang lain!

#gudegyudjum167 #gudegyudjum #gudegjogja #gudegfrozen #gudegkaleng",2023-05-15T04:26:34.000Z,Positif
dyodoran,"PERTAMA KALI DATENG KE PESTA MAKAN NASI GORENG TERBESAR!!
‌
Gak cuma nasi goreng yaa, berbagai menu khas nusantara ada disini!
Makin seru karena ada Live Cooking dari @willgoz 
Pesta Kuliner Sedaap bakal ada lagi di Bandung, 27 Mei 2023
Tiketnya bisa langsung beli on the spot ya lurr
Info lebih lanjut langsung follow @kecapsedaapid

#PestaKulinerSedaap #NasiGorengPilihanSedaap #TastExploration",2023-05-15T09:30:00.000Z,Negatif
dyodoran,"Kilas balik kota ke 59, Gresik!!

Aku inget, dari luar warungnya aja sudah tercium wangi masakan yang menggoda iman!

Pas makanannya dateng, kaget lurr ndelok porsine sak gedabyah!

Ada yang tau gak nihh aku makan di warung manaa?

#throwback #throwbackthursday #gresik #gresikhits #gresikkuliner #kulinergresik",2023-05-18T09:37:12.000Z,Negatif
dyodoran,"Ini tuh satu satunya tempat yang jual Bakso CepMek alias Cepet Mekar HAHAHAHA
Agak kesel denger namanya, tapi rasanya BEUH... mantap!!
Tapi tetep, yang paling favorit ya bakso uratnya lurrr
Warga Bandung udah pada nyobain belum nih?

#baksobandung #kulinerbandung #kulinerbandungjuara #baksotjaphaji #bandungfoodies",2023-05-23T09:30:00.000Z,Negatif
dyodoran,"Ini adalah salah satu kuliner yang wajib disamperin kalo lagi main ke Bandung!

Dengan title ""Sensasi Cita Rasa Nasi Goreng Sang Legend"", rasanya BEUH.. semlidut!
Mana porsinya jumbo lagi, jadi makin puass wgwgwg 

Kalian ada yang langganan kesini juga ga lur?

#throwback #throwbackthursday #kulinerbandung #kulinerlegendaris",2023-05-11T09:27:10.000Z,Negatif
dyodoran,"Bismillah 
Udah mulai seminggu sekali kontrolnya ‍

#bapakbapaksiaga #babynewborn #ibuhamil",2023-05-13T04:05:28.000Z,Negatif
dyodoran,"BIKIN IDE MINUMAN BISA DAPET KESEMPATAN MENANGIN VESPA ATAU IPHONE 14 PRO MAX??

Kalian ga salah baca lurrr

#Coffeemezation dari @starbucks.indonesia balik lagi nih!

Dengan daftarin ide minuman andalan kalian di coffeemezation.com, kalian berkesempatan buat menangin Vespa Piaggio, iPhone 14 Pro Max dan jutaan hadiah lainnya!

Langsung submit ide minuman kalian maksimal BESOK! tanggal 14 Mei 2023 buat diundi jadi finalist untuk menangin hadiah total ratusan juta rupiahnya!

Info lengkap langsung cek postingan @starbucksindonesia ya

#Coffeemezation #StarbucksIndonesia #iceAmericano #coffeecompetition",2023-05-12T12:00:00.000Z,Negatif
dyodoran,"street food yang lagi viral di Jogja!!
hayooo, yang kemaren pada liburan ke Jogja wis mampir rene durung??

#kulinerjogja #jogjafood #jogjafoodhunter #jogjafoodies #gulesatelitjogja",2023-05-07T09:30:00.000Z,Negatif
dyodoran,"Yang lagi ramere di Pasmod Bintaro!!
Nasinya spesialnya karena dibungkus daun pisang, jadi lebih wangii
Semlidut lezatos kotos kotoss

Kalian ada yg suka kesini juga gak?

#kulinerbintaro #kulinertangsel #bintarofoodies #ayamkampung #dyodoranbintaro",2023-05-13T09:30:00.000Z,Negatif
dyodoran,"SPESIALIS GULE JEROAN SEJAK 1945!
Jadi Pasar Godean tu lagi direnovasi dan makan waktu sekitar 1,5 tahun
Nah untungnyaa, Warung Sate Pak Klimkn gak pindah karena sudah punya bangunan sendiri!
Kalian wis do nyobo rung lurrr??

#satekambing #tongseng #kulinerjogja #kulinerlegendaris #dyodoranjogja",2023-05-09T09:30:00.000Z,Negatif
dyodoran,"sebenernya dah lewat tempat in beberapa kali atpi belum sempet mampirr
sampe akhirnyaaa kena racun dari temenkuu wgwgwg
mind blowing ya lur, singkong goreng dikasi truffle oil 

#kulinerjogja #restojogja #jogjafoodhunter #jogjafood #dyodoranjogja",2023-06-07T09:30:00.000Z,Negatif
dyodoran,"Jogja punya salah satu warung sop buntut yang semlidutt dan ini dia tempatnya!
Mulai usaha tahun 1985, awalnya sempet coba coba jualan makanan yg lain sampe akhirnya memutuskan jual sop buntut dan hasilnya WOW bisa sampe berangkat haji lurr
Kalian ada yg langganan disini juga gak?

#sopbuntut #sopiga #kulinerlegendaris #kulinerjogja #jogjafoodhunter",2023-05-08T09:30:00.000Z,Negatif
dyodoran,"SAMPE SUSAH MAKANNYA!! 

Aku direkomendasiin kuliner ini sama salah
Warga CCTV Semlidut 
Langsunglah meluncur ke selatan Jogja dan ternyataaa BEUH.... porsine ngeri lurrr
Asik banget nii kalo makan bareng temen temenn

#mieayam #mieayambalungan #kulinerjogjamurah #kulinerjogja #dyodoranjogja",2023-05-10T09:30:00.000Z,Negatif
dyodoran,"Kilas balik ES LONTRONG!

Aku main ke kedai es ini 2 tahun yang lalu pas lagi syuting kuliner legendaris di Tegal.
Kedai es ini sudah ada sejak tahun 80an, dengan menu es berisi kacang hijau, agar-agar, santan, gula dan es gosrok yang segununggg 
Harga per porsinya waktu itu sih cuma 5000 yaa, kalo ada info update harga boleh dong lurrr komen di bawaah 

#throwback #throwbackthursday #kulinertegal #eslontrong #kulinerlegendaris #dyodoran",2023-06-08T09:30:00.000Z,Negatif
